DATO:,GEBYRER:,TERMINBELOP:,RENTER:,AVDRAG:,RESTBELOP:
Wed Jan 01 2020 01:00:00 GMT+0100 (GMT+01:00),0,0,0,0,2000000
Sat Feb 01 2020 01:00:00 GMT+0100 (GMT+01:00),30,9514.226277153577,5081.9672131147545,4402.2590640388225,1995597.7409359613
Sun Mar 01 2020 01:00:00 GMT+0100 (GMT+01:00),30,9514.226277153577,4743.633974355973,4740.592302797604,1990857.1486331637
Wed Apr 01 2020 02:00:00 GMT+0200 (GMT+02:00),30,9514.226277153577,5058.735377674432,4425.490899479145,1986431.6577336844
Fri May 01 2020 02:00:00 GMT+0200 (GMT+02:00),30,9514.226277153577,4884.668010820535,4599.558266333042,1981832.0994673513
Mon Jun 01 2020 02:00:00 GMT+0200 (GMT+02:00),30,9514.226277153577,5035.802875695728,4448.423401457849,1977383.6760658934
Wed Jul 01 2020 02:00:00 GMT+0200 (GMT+02:00),30,9514.226277153577,4862.418875571869,4621.807401581708,1972761.8686643117
Sat Aug 01 2020 02:00:00 GMT+0200 (GMT+02:00),30,9514.226277153577,5012.755567917514,4471.470709236063,1968290.3979550756
Tue Sep 01 2020 02:00:00 GMT+0200 (GMT+02:00),30,9514.226277153577,5001.393634148143,4482.832643005434,1963807.56531207
Thu Oct 01 2020 02:00:00 GMT+0200 (GMT+02:00),30,9514.226277153577,4829.0349966690255,4655.1912804845515,1959152.3740315854
Sun Nov 01 2020 01:00:00 GMT+0100 (GMT+01:00),30,9514.226277153577,4978.174065162226,4506.052211991351,1954646.3218195941
Tue Dec 01 2020 01:00:00 GMT+0100 (GMT+01:00),30,9514.226277153577,4806.507348736707,4677.71892841687,1949968.6028911772
Fri Jan 01 2021 01:00:00 GMT+0100 (GMT+01:00),30,9514.226277153577,4954.838253248073,4529.388023905504,1945439.2148672717
Mon Feb 01 2021 01:00:00 GMT+0100 (GMT+01:00),30,9514.226277153577,4956.872520072774,4527.353757080803,1940911.8611101909
Mon Mar 01 2021 01:00:00 GMT+0100 (GMT+01:00),30,9514.226277153577,4466.756063924823,5017.470213228754,1935894.390896962
Thu Apr 01 2021 02:00:00 GMT+0200 (GMT+02:00),30,9514.226277153577,4932.552831600478,4551.673445553099,1931342.717451409
Sat May 01 2021 02:00:00 GMT+0200 (GMT+02:00),30,9514.226277153577,4762.2149197432,4722.011357410377,1926620.7060939986
Tue Jun 01 2021 02:00:00 GMT+0200 (GMT+02:00),30,9514.226277153577,4908.92399086964,4575.302286283937,1922045.4038077146
Thu Jul 01 2021 02:00:00 GMT+0200 (GMT+02:00),30,9514.226277153577,4739.290036786145,4744.936240367432,1917300.4675673472
Sun Aug 01 2021 02:00:00 GMT+0200 (GMT+02:00),30,9514.226277153577,4885.176533801734,4599.049743351843,1912701.4178239955
Wed Sep 01 2021 02:00:00 GMT+0200 (GMT+02:00),30,9514.226277153577,4873.458407058399,4610.767870095178,1908090.6499539004
Fri Oct 01 2021 02:00:00 GMT+0200 (GMT+02:00),30,9514.226277153577,4704.88105468085,4779.345222472727,1903311.3047314277
Mon Nov 01 2021 01:00:00 GMT+0100 (GMT+01:00),30,9514.226277153577,4849.532913425281,4634.693363728296,1898676.6113676995
Wed Dec 01 2021 01:00:00 GMT+0100 (GMT+01:00),30,9514.226277153577,4681.668356797068,4802.557920356509,1893874.053447343
Sat Jan 01 2022 01:00:00 GMT+0100 (GMT+01:00),30,9514.226277153577,4825.487314263093,4658.738962890484,1889215.3144844524
Tue Feb 01 2022 01:00:00 GMT+0100 (GMT+01:00),30,9514.226277153577,4813.6171026590155,4670.609174494562,1884544.7053099577
Tue Mar 01 2022 01:00:00 GMT+0100 (GMT+01:00),30,9514.226277153577,4337.034390302369,5147.191886851208,1879397.5134231066
Fri Apr 01 2022 02:00:00 GMT+0200 (GMT+02:00),30,9514.226277153577,4788.601883516409,4695.624393637168,1874701.8890294696
Sun May 01 2022 02:00:00 GMT+0200 (GMT+02:00),30,9514.226277153577,4622.552603086363,4861.673674067214,1869840.2153554023
Wed Jun 01 2022 02:00:00 GMT+0200 (GMT+02:00),30,9514.226277153577,4764.250411727463,4719.975865426114,1865120.2394899763
Fri Jul 01 2022 02:00:00 GMT+0200 (GMT+02:00),30,9514.226277153577,4598.926617920489,4885.299659233088,1860234.9398307432
Mon Aug 01 2022 02:00:00 GMT+0200 (GMT+02:00),30,9514.226277153577,4739.7766960070985,4744.4495811464785,1855490.4902495968
Thu Sep 01 2022 02:00:00 GMT+0200 (GMT+02:00),30,9514.226277153577,4727.688098444179,4756.538178709398,1850733.9520708874
Sat Oct 01 2022 02:00:00 GMT+0200 (GMT+02:00),30,9514.226277153577,4563.453580448764,4920.772696704813,1845813.1793741826
Tue Nov 01 2022 01:00:00 GMT+0100 (GMT+01:00),30,9514.226277153577,4703.030840597233,4781.195436556344,1841031.9839376262
Thu Dec 01 2022 01:00:00 GMT+0100 (GMT+01:00),30,9514.226277153577,4539.530919298257,4944.69535785532,1836087.2885797708
Sun Jan 01 2023 01:00:00 GMT+0100 (GMT+01:00),30,9514.226277153577,4678.2498037785945,4805.976473374983,1831281.3121063958
Wed Feb 01 2023 01:00:00 GMT+0100 (GMT+01:00),30,9514.226277153577,4666.004439065611,4818.221838087966,1826463.0902683078
Wed Mar 01 2023 01:00:00 GMT+0100 (GMT+01:00),30,9514.226277153577,4203.367111850352,5280.859165303225,1821182.2311030047
Sat Apr 01 2023 02:00:00 GMT+0200 (GMT+02:00),30,9514.226277153577,4640.272534043272,4843.953743110305,1816338.2773598942
Mon May 01 2023 02:00:00 GMT+0200 (GMT+02:00),30,9514.226277153577,4478.642327736726,5005.583949416851,1811332.6934104774
Thu Jun 01 2023 02:00:00 GMT+0200 (GMT+02:00),30,9514.226277153577,4615.176451703408,4869.049825450169,1806463.6435850272
Sat Jul 01 2023 02:00:00 GMT+0200 (GMT+02:00),30,9514.226277153577,4454.293915689108,5029.932361464469,1801433.7112235627
Tue Aug 01 2023 02:00:00 GMT+0200 (GMT+02:00),30,9514.226277153577,4589.954387501132,4894.271889652445,1796539.4393339104
Fri Sep 01 2023 02:00:00 GMT+0200 (GMT+02:00),30,9514.226277153577,4577.484050905579,4906.742226247998,1791632.6971076624
Sun Oct 01 2023 02:00:00 GMT+0200 (GMT+02:00),30,9514.226277153577,4417.724458621633,5066.501818531944,1786566.1952891306
Wed Nov 01 2023 01:00:00 GMT+0100 (GMT+01:00),30,9514.226277153577,4552.072771558606,4932.153505594971,1781634.0417835356
Fri Dec 01 2023 01:00:00 GMT+0100 (GMT+01:00),30,9514.226277153577,4393.070240014196,5091.156037139381,1776542.8857463961
Mon Jan 01 2024 01:00:00 GMT+0100 (GMT+01:00),30,9514.226277153577,4526.533928066159,4957.692349087418,1771585.1933973087
Thu Feb 01 2024 01:00:00 GMT+0100 (GMT+01:00),30,9514.226277153577,4501.568934042341,4982.657343111236,1766602.5360541975
Fri Mar 01 2024 01:00:00 GMT+0100 (GMT+01:00),30,9514.226277153577,4199.301110292764,5284.925166860813,1761317.6108873365
Mon Apr 01 2024 02:00:00 GMT+0200 (GMT+02:00),30,9514.226277153577,4475.479175205527,5008.74710194805,1756308.8637853884
Wed May 01 2024 02:00:00 GMT+0200 (GMT+02:00),30,9514.226277153577,4318.792287996856,5165.433989156721,1751143.4297962317
Sat Jun 01 2024 02:00:00 GMT+0200 (GMT+02:00),30,9514.226277153577,4449.626747842884,5034.5995293106935,1746108.830266921
Mon Jul 01 2024 02:00:00 GMT+0200 (GMT+02:00),30,9514.226277153577,4293.710238361281,5190.516038792296,1740918.3142281289
Thu Aug 01 2024 02:00:00 GMT+0200 (GMT+02:00),30,9514.226277153577,4423.644896809179,5060.581380344398,1735857.7328477844
Sun Sep 01 2024 02:00:00 GMT+0200 (GMT+02:00),30,9514.226277153577,4410.786042482075,5073.440234671502,1730784.2926131128
Tue Oct 01 2024 02:00:00 GMT+0200 (GMT+02:00),30,9514.226277153577,4256.026949048638,5228.199328104939,1725556.0932850079
Fri Nov 01 2024 01:00:00 GMT+0100 (GMT+01:00),30,9514.226277153577,4384.609745232397,5099.6165319211805,1720456.4767530868
Sun Dec 01 2024 01:00:00 GMT+0100 (GMT+01:00),30,9514.226277153577,4230.630680540377,5253.5955966132,1715202.8811564737
Wed Jan 01 2025 01:00:00 GMT+0100 (GMT+01:00),30,9514.226277153577,4358.302402938581,5125.923874214996,1710076.9572822587
Sat Feb 01 2025 01:00:00 GMT+0100 (GMT+01:00),30,9514.226277153577,4357.18238430822,5127.043892845357,1704949.9133894134
Sat Mar 01 2025 01:00:00 GMT+0100 (GMT+01:00),30,9514.226277153577,3923.7203486222115,5560.5059285313655,1699389.407460882
Tue Apr 01 2025 02:00:00 GMT+0200 (GMT+02:00),30,9514.226277153577,4329.951092982521,5154.275184171056,1694235.132276711
Thu May 01 2025 02:00:00 GMT+0200 (GMT+02:00),30,9514.226277153577,4177.5660795864105,5306.6601975671665,1688928.4720791439
Sun Jun 01 2025 02:00:00 GMT+0200 (GMT+02:00),30,9514.226277153577,4303.297202831791,5180.929074321786,1683747.543004822
Tue Jul 01 2025 02:00:00 GMT+0200 (GMT+02:00),30,9514.226277153577,4151.706270422848,5332.520006730729,1678415.0229980913
Fri Aug 01 2025 02:00:00 GMT+0200 (GMT+02:00),30,9514.226277153577,4276.509510652671,5207.716766500906,1673207.3062315905
Mon Sep 01 2025 02:00:00 GMT+0200 (GMT+02:00),30,9514.226277153577,4263.24053368597,5220.985743467607,1667986.3204881228
Wed Oct 01 2025 02:00:00 GMT+0200 (GMT+02:00),30,9514.226277153577,4112.842982025508,5371.383295128069,1662614.9371929946
Sat Nov 01 2025 01:00:00 GMT+0100 (GMT+01:00),30,9514.226277153577,4236.251757779411,5247.974519374166,1657366.9626736206
Mon Dec 01 2025 01:00:00 GMT+0100 (GMT+01:00),30,9514.226277153577,4086.6582641267355,5397.568013026841,1651969.3946605937
Thu Jan 01 2026 01:00:00 GMT+0100 (GMT+01:00),30,9514.226277153577,4209.127498724252,5275.098778429325,1646694.2958821645
Sun Feb 01 2026 01:00:00 GMT+0100 (GMT+01:00),30,9514.226277153577,4195.686836083323,5288.539441070254,1641405.7564410942
Sun Mar 01 2026 01:00:00 GMT+0100 (GMT+01:00),30,9514.226277153577,3777.4817408507374,5706.74453630284,1635699.0119047915
Wed Apr 01 2026 02:00:00 GMT+0200 (GMT+02:00),30,9514.226277153577,4167.671454990291,5316.554822163286,1630382.4570826283
Fri May 01 2026 02:00:00 GMT+0200 (GMT+02:00),30,9514.226277153577,4020.1211270530557,5464.105150100521,1624918.3519325277
Mon Jun 01 2026 02:00:00 GMT+0200 (GMT+02:00),30,9514.226277153577,4140.202924102057,5344.02335305152,1619574.328579476
Wed Jul 01 2026 02:00:00 GMT+0200 (GMT+02:00),30,9514.226277153577,3993.470947182269,5490.755329971308,1614083.573249505
Sat Aug 01 2026 02:00:00 GMT+0200 (GMT+02:00),30,9514.226277153577,4112.596501704218,5371.629775449359,1608711.9434740555
Tue Sep 01 2026 02:00:00 GMT+0200 (GMT+02:00),30,9514.226277153577,4098.909883372251,5385.316393781326,1603326.6270802743
Thu Oct 01 2026 02:00:00 GMT+0200 (GMT+02:00),30,9514.226277153577,3953.4081215677998,5530.818155585777,1597795.8089246885
Sun Nov 01 2026 01:00:00 GMT+0100 (GMT+01:00),30,9514.226277153577,4071.096170684823,5413.130106468754,1592382.6788182198
Tue Dec 01 2026 01:00:00 GMT+0100 (GMT+01:00),30,9514.226277153577,3926.4230436613634,5557.803233492214,1586824.8755847276
Fri Jan 01 2027 01:00:00 GMT+0100 (GMT+01:00),30,9514.226277153577,4043.1428336816343,5441.083443471943,1581383.7921412557
Mon Feb 01 2027 01:00:00 GMT+0100 (GMT+01:00),30,9514.226277153577,4029.2792512092274,5454.94702594435,1575928.8451153114
Mon Mar 01 2027 01:00:00 GMT+0100 (GMT+01:00),30,9514.226277153577,3626.7951504023604,5857.431126751217,1570071.4139885602
Thu Apr 01 2027 02:00:00 GMT+0200 (GMT+02:00),30,9514.226277153577,4000.455931532496,5483.770345621081,1564587.6436429392
Sat May 01 2027 02:00:00 GMT+0200 (GMT+02:00),30,9514.226277153577,3857.8873404894393,5626.338936664138,1558961.304706275
Tue Jun 01 2027 02:00:00 GMT+0200 (GMT+02:00),30,9514.226277153577,3972.1479818543444,5512.078295299232,1553449.2264109757
Thu Jul 01 2027 02:00:00 GMT+0200 (GMT+02:00),30,9514.226277153577,3830.4227500544603,5653.803527099117,1547795.4228838766
Sun Aug 01 2027 02:00:00 GMT+0200 (GMT+02:00),30,9514.226277153577,3943.697926800014,5540.528350353563,1542254.8945335231
Wed Sep 01 2027 02:00:00 GMT+0200 (GMT+02:00),30,9514.226277153577,3929.5809641539076,5554.64531299967,1536700.2492205235
Fri Oct 01 2027 02:00:00 GMT+0200 (GMT+02:00),30,9514.226277153577,3789.123902187592,5695.102374965985,1531005.1468455575
Mon Nov 01 2027 01:00:00 GMT+0100 (GMT+01:00),30,9514.226277153577,3900.917223469503,5583.309053684074,1525421.8377918734
Wed Dec 01 2027 01:00:00 GMT+0100 (GMT+01:00),30,9514.226277153577,3761.314120582701,5722.912156570876,1519698.9256353024
Sat Jan 01 2028 01:00:00 GMT+0100 (GMT+01:00),30,9514.226277153577,3872.109591344743,5612.1166858088345,1514086.8089494936
Tue Feb 01 2028 01:00:00 GMT+0100 (GMT+01:00),30,9514.226277153577,3847.2697604454343,5636.956516708143,1508449.8524327853
Wed Mar 01 2028 01:00:00 GMT+0100 (GMT+01:00),30,9514.226277153577,3585.6594852910466,5898.56679186253,1502551.2856409228
Sat Apr 01 2028 02:00:00 GMT+0200 (GMT+02:00),30,9514.226277153577,3817.9581848252956,5666.268092328281,1496885.0175485946
Mon May 01 2028 02:00:00 GMT+0200 (GMT+02:00),30,9514.226277153577,3680.8647972506424,5803.361479902935,1491081.6560686918
Thu Jun 01 2028 02:00:00 GMT+0200 (GMT+02:00),30,9514.226277153577,3788.814044108971,5695.412233044606,1485386.2438356471
Sat Jul 01 2028 02:00:00 GMT+0200 (GMT+02:00),30,9514.226277153577,3652.589124186017,5831.63715296756,1479554.6066826796
Tue Aug 01 2028 02:00:00 GMT+0200 (GMT+02:00),30,9514.226277153577,3759.524000587137,5724.702276566441,1473829.904406113
Fri Sep 01 2028 02:00:00 GMT+0200 (GMT+02:00),30,9514.226277153577,3744.9776259499595,5739.248651203618,1468090.6557549094
Sun Oct 01 2028 02:00:00 GMT+0200 (GMT+02:00),30,9514.226277153577,3610.0589895612525,5874.167287592325,1462216.488467317
Wed Nov 01 2028 01:00:00 GMT+0100 (GMT+01:00),30,9514.226277153577,3715.4681264333462,5768.75815072023,1456447.7303165968
Fri Dec 01 2028 01:00:00 GMT+0100 (GMT+01:00),30,9514.226277153577,3581.4288450408117,5902.797432112766,1450544.932884484
Mon Jan 01 2029 01:00:00 GMT+0100 (GMT+01:00),30,9514.226277153577,3685.810895034345,5798.415382119232,1444746.517502365
Thu Feb 01 2029 01:00:00 GMT+0100 (GMT+01:00),30,9514.226277153577,3681.134962403286,5803.091314750291,1438943.4261876147
Thu Mar 01 2029 01:00:00 GMT+0100 (GMT+01:00),30,9514.226277153577,3311.5410356098528,6172.685241543724,1432770.740946071
Sun Apr 01 2029 02:00:00 GMT+0200 (GMT+02:00),30,9514.226277153577,3650.6213399447834,5833.604937208794,1426937.1360088622
Tue May 01 2029 02:00:00 GMT+0200 (GMT+02:00),30,9514.226277153577,3518.475129884865,5965.751147268712,1420971.3848615934
Fri Jun 01 2029 02:00:00 GMT+0200 (GMT+02:00),30,9514.226277153577,3620.557227181594,5863.6690499719825,1415107.7158116214
Sun Jul 01 2029 02:00:00 GMT+0200 (GMT+02:00),30,9514.226277153577,3489.3066965218063,5994.919580631771,1409112.7962309897
Wed Aug 01 2029 02:00:00 GMT+0200 (GMT+02:00),30,9514.226277153577,3590.342193136494,5893.884084017083,1403218.9121469727
Sat Sep 01 2029 02:00:00 GMT+0200 (GMT+02:00),30,9514.226277153577,3575.3248994429714,5908.901377710606,1397310.0107692622
Mon Oct 01 2029 02:00:00 GMT+0200 (GMT+02:00),30,9514.226277153577,3445.4219443625643,6038.804332791013,1391271.206436471
Thu Nov 01 2029 01:00:00 GMT+0100 (GMT+01:00),30,9514.226277153577,3544.882799961419,5939.343477192158,1385331.862959279
Sat Dec 01 2029 01:00:00 GMT+0100 (GMT+01:00),30,9514.226277153577,3415.8867853790443,6068.339491774533,1379263.5234675044
Tue Jan 01 2030 01:00:00 GMT+0100 (GMT+01:00),30,9514.226277153577,3514.2878817117235,5969.938395441854,1373293.5850720627
Fri Feb 01 2030 01:00:00 GMT+0100 (GMT+01:00),30,9514.226277153577,3499.0768058000504,5985.149471353527,1367308.4356007092
Fri Mar 01 2030 01:00:00 GMT+0100 (GMT+01:00),30,9514.226277153577,3146.6824271358782,6337.543850017699,1360970.8917506915
Mon Apr 01 2030 02:00:00 GMT+0200 (GMT+02:00),30,9514.226277153577,3467.679258433269,6016.547018720308,1354954.3447319712
Wed May 01 2030 02:00:00 GMT+0200 (GMT+02:00),30,9514.226277153577,3340.9833157774633,6143.242961376114,1348811.101770595
Sat Jun 01 2030 02:00:00 GMT+0200 (GMT+02:00),30,9514.226277153577,3436.6967798538444,6047.529497299733,1342763.5722732951
Mon Jul 01 2030 02:00:00 GMT+0200 (GMT+02:00),30,9514.226277153577,3310.9238768382615,6173.302400315315,1336590.2698729797
Thu Aug 01 2030 02:00:00 GMT+0200 (GMT+02:00),30,9514.226277153577,3405.5587698133454,6078.667507340231,1330511.6023656395
Sun Sep 01 2030 02:00:00 GMT+0200 (GMT+02:00),30,9514.226277153577,3390.070658082315,6094.155619071262,1324417.4467465682
Tue Oct 01 2030 02:00:00 GMT+0200 (GMT+02:00),30,9514.226277153577,3265.6868549915384,6218.539422162039,1318198.907324406
Fri Nov 01 2030 01:00:00 GMT+0100 (GMT+01:00),30,9514.226277153577,3358.6985857854725,6125.527691368105,1312073.379633038
Sun Dec 01 2030 01:00:00 GMT+0100 (GMT+01:00),30,9514.226277153577,3235.2494292321485,6248.976847921429,1305824.4027851166
Wed Jan 01 2031 01:00:00 GMT+0100 (GMT+01:00),30,9514.226277153577,3327.1690262744064,6157.05725087917,1299667.3455342373
Sat Feb 01 2031 01:00:00 GMT+0100 (GMT+01:00),30,9514.226277153577,3311.4811817721666,6172.7450953814105,1293494.6004388558
Sat Mar 01 2031 01:00:00 GMT+0100 (GMT+01:00),30,9514.226277153577,2976.809491420928,6507.416785732648,1286987.1836531232
Tue Apr 01 2031 02:00:00 GMT+0200 (GMT+02:00),30,9514.226277153577,3279.172824102478,6205.0534530510995,1280782.1302000722
Thu May 01 2031 02:00:00 GMT+0200 (GMT+02:00),30,9514.226277153577,3158.092923781,6326.133353372577,1274455.9968466996
Sun Jun 01 2031 02:00:00 GMT+0200 (GMT+02:00),30,9514.226277153577,3247.244046760084,6236.9822303934925,1268219.0146163062
Tue Jul 01 2031 02:00:00 GMT+0200 (GMT+02:00),30,9514.226277153577,3127.1153785059605,6357.1108986476165,1261861.9037176585
Fri Aug 01 2031 02:00:00 GMT+0200 (GMT+02:00),30,9514.226277153577,3215.1549875545816,6269.0712895989955,1255592.8324280595
Mon Sep 01 2031 02:00:00 GMT+0200 (GMT+02:00),30,9514.226277153577,3199.1817374194397,6285.044539734137,1249307.7878883255
Wed Oct 01 2031 02:00:00 GMT+0200 (GMT+02:00),30,9514.226277153577,3080.4849564369665,6403.74132071661,1242904.0465676088
Sat Nov 01 2031 01:00:00 GMT+0100 (GMT+01:00),30,9514.226277153577,3166.851406322948,6317.374870830628,1236586.6716967782
Mon Dec 01 2031 01:00:00 GMT+0100 (GMT+01:00),30,9514.226277153577,3049.1178206221925,6435.108456531385,1230151.5632402468
Thu Jan 01 2032 01:00:00 GMT+0100 (GMT+01:00),30,9514.226277153577,3134.35877757104,6349.867499582537,1223801.6957406644
Sun Feb 01 2032 01:00:00 GMT+0100 (GMT+01:00),30,9514.226277153577,3109.660046554147,6374.56623059943,1217427.1295100648
Mon Mar 01 2032 01:00:00 GMT+0100 (GMT+01:00),30,9514.226277153577,2893.8841603108094,6590.342116842768,1210836.787393222
Thu Apr 01 2032 02:00:00 GMT+0200 (GMT+02:00),30,9514.226277153577,3076.716426982777,6407.5098501708,1204429.2775430514
Sat May 01 2032 02:00:00 GMT+0200 (GMT+02:00),30,9514.226277153577,2961.711338220618,6522.514938932959,1197906.7626041186
Tue Jun 01 2032 02:00:00 GMT+0200 (GMT+02:00),30,9514.226277153577,3043.8614459612845,6440.3648311922925,1191466.3977729264
Thu Jul 01 2032 02:00:00 GMT+0200 (GMT+02:00),30,9514.226277153577,2929.835404359655,6554.3908727939215,1184912.0069001324
Sun Aug 01 2032 02:00:00 GMT+0200 (GMT+02:00),30,9514.226277153577,3010.841984746238,6473.38429240734,1178438.622607725
Wed Sep 01 2032 02:00:00 GMT+0200 (GMT+02:00),30,9514.226277153577,2994.3932213802846,6489.8330557732925,1171948.7895519517
Fri Oct 01 2032 02:00:00 GMT+0200 (GMT+02:00),30,9514.226277153577,2881.8412857834874,6602.38499137009,1165346.4045605815
Mon Nov 01 2032 01:00:00 GMT+0100 (GMT+01:00),30,9514.226277153577,2961.126109949019,6523.100167204559,1158823.304393377
Wed Dec 01 2032 01:00:00 GMT+0100 (GMT+01:00),30,9514.226277153577,2849.5655026066647,6634.660774546912,1152188.64361883
Sat Jan 01 2033 01:00:00 GMT+0100 (GMT+01:00),30,9514.226277153577,2927.692455097027,6556.53382205655,1145632.1097967734
Tue Feb 01 2033 01:00:00 GMT+0100 (GMT+01:00),30,9514.226277153577,2919.0078413999977,6565.218435753579,1139066.8913610198
Tue Mar 01 2033 01:00:00 GMT+0100 (GMT+01:00),30,9514.226277153577,2621.4142157349493,6862.812061418628,1132204.0792996013
Fri Apr 01 2033 02:00:00 GMT+0200 (GMT+02:00),30,9514.226277153577,2884.7939554756967,6599.43232167788,1125604.6469779233
Sun May 01 2033 02:00:00 GMT+0200 (GMT+02:00),30,9514.226277153577,2775.4635130962497,6708.762764057327,1118895.884213866
Wed Jun 01 2033 02:00:00 GMT+0200 (GMT+02:00),30,9514.226277153577,2850.885403613412,6633.3408735401645,1112262.5433403258
Fri Jul 01 2033 02:00:00 GMT+0200 (GMT+02:00),30,9514.226277153577,2742.5651753597076,6741.661101793869,1105520.882238532
Mon Aug 01 2033 02:00:00 GMT+0200 (GMT+02:00),30,9514.226277153577,2816.806631457081,6667.419645696496,1098853.4625928355
Thu Sep 01 2033 02:00:00 GMT+0200 (GMT+02:00),30,9514.226277153577,2799.8184115379095,6684.407865615667,1092169.05472722
Sat Oct 01 2033 02:00:00 GMT+0200 (GMT+02:00),30,9514.226277153577,2693.0195869986246,6791.206690154952,1085377.848037065
Tue Nov 01 2033 01:00:00 GMT+0100 (GMT+01:00),30,9514.226277153577,2765.4832840396452,6718.742993113932,1078659.1050439512
Thu Dec 01 2033 01:00:00 GMT+0100 (GMT+01:00),30,9514.226277153577,2659.7073823001538,6824.518894853423,1071834.5861490977
Sun Jan 01 2034 01:00:00 GMT+0100 (GMT+01:00),30,9514.226277153577,2730.975794845646,6753.250482307931,1065081.3356667897
Wed Feb 01 2034 01:00:00 GMT+0100 (GMT+01:00),30,9514.226277153577,2713.768882657848,6770.457394495729,1058310.8782722938
Wed Mar 01 2034 01:00:00 GMT+0100 (GMT+01:00),30,9514.226277153577,2435.5647609554157,7048.661516198161,1051262.2167560956
Sat Apr 01 2034 02:00:00 GMT+0200 (GMT+02:00),30,9514.226277153577,2678.558524885394,6805.667752268183,1044456.5490038275
Mon May 01 2034 02:00:00 GMT+0200 (GMT+02:00),30,9514.226277153577,2575.372312612177,6908.8539645414,1037547.695039286
Thu Jun 01 2034 02:00:00 GMT+0200 (GMT+02:00),30,9514.226277153577,2643.614675031605,6840.611602121971,1030707.0834371641
Sat Jul 01 2034 02:00:00 GMT+0200 (GMT+02:00),30,9514.226277153577,2541.4695208039666,6942.75675634961,1023764.3266808145
Tue Aug 01 2034 02:00:00 GMT+0200 (GMT+02:00),30,9514.226277153577,2608.4954077072807,6875.730869446296,1016888.5958113682
Fri Sep 01 2034 02:00:00 GMT+0200 (GMT+02:00),30,9514.226277153577,2590.9764222043077,6893.249854949269,1009995.3459564189
Sun Oct 01 2034 02:00:00 GMT+0200 (GMT+02:00),30,9514.226277153577,2490.399483180211,6993.826793973366,1003001.5191624456
Wed Nov 01 2034 01:00:00 GMT+0100 (GMT+01:00),30,9514.226277153577,2555.5929118385598,6928.633365315018,996072.8857971305
Fri Dec 01 2034 01:00:00 GMT+0100 (GMT+01:00),30,9514.226277153577,2456.070129362787,7028.15614779079,989044.7296493397
Mon Jan 01 2035 01:00:00 GMT+0100 (GMT+01:00),30,9514.226277153577,2520.031776914756,6964.194500238821,982080.5351491008
Thu Feb 01 2035 01:00:00 GMT+0100 (GMT+01:00),30,9514.226277153577,2502.2873909278455,6981.938886225731,975098.5962628751
Thu Mar 01 2035 01:00:00 GMT+0100 (GMT+01:00),30,9514.226277153577,2244.0625229063426,7240.1637542472345,967858.4325086279
Sun Apr 01 2035 02:00:00 GMT+0200 (GMT+02:00),30,9514.226277153577,2466.050252693216,7018.176024460361,960840.2564841675
Tue May 01 2035 02:00:00 GMT+0200 (GMT+02:00),30,9514.226277153577,2369.19515297466,7115.031124178917,953725.2253599886
Fri Jun 01 2035 02:00:00 GMT+0200 (GMT+02:00),30,9514.226277153577,2430.039615300793,7054.186661852784,946671.0386981359
Sun Jul 01 2035 02:00:00 GMT+0200 (GMT+02:00),30,9514.226277153577,2334.257355694034,7149.968921459544,939521.0697766764
Wed Aug 01 2035 02:00:00 GMT+0200 (GMT+02:00),30,9514.226277153577,2393.848205184408,7090.3780719691695,932430.6917047072
Sat Sep 01 2035 02:00:00 GMT+0200 (GMT+02:00),30,9514.226277153577,2375.782310370898,7108.443966782679,925322.2477379246
Mon Oct 01 2035 02:00:00 GMT+0200 (GMT+02:00),30,9514.226277153577,2281.6165012715946,7202.609775881982,918119.6379620426
Thu Nov 01 2035 01:00:00 GMT+0100 (GMT+01:00),30,9514.226277153577,2339.318529601917,7144.907747551661,910974.7302144909
Sat Dec 01 2035 01:00:00 GMT+0100 (GMT+01:00),30,9514.226277153577,2246.239060802854,7237.9872163507225,903736.7429981402
Tue Jan 01 2036 01:00:00 GMT+0100 (GMT+01:00),30,9514.226277153577,2302.671701337727,7181.55457581585,896555.1884223244
Fri Feb 01 2036 01:00:00 GMT+0100 (GMT+01:00),30,9514.226277153577,2278.1320361550866,7206.094240998491,889349.0941813259
Sat Mar 01 2036 01:00:00 GMT+0100 (GMT+01:00),30,9514.226277153577,2114.026535349053,7370.199741804524,881978.8944395214
Tue Apr 01 2036 02:00:00 GMT+0200 (GMT+02:00),30,9514.226277153577,2241.093912100423,7243.132365053154,874735.7620744682
Thu May 01 2036 02:00:00 GMT+0200 (GMT+02:00),30,9514.226277153577,2150.989578871643,7333.236698281934,867402.5253761862
Sun Jun 01 2036 02:00:00 GMT+0200 (GMT+02:00),30,9514.226277153577,2204.0555972673583,7280.170679886219,860122.3546963
Tue Jul 01 2036 02:00:00 GMT+0200 (GMT+02:00),30,9514.226277153577,2115.0549705646717,7369.171306588905,852753.1833897111
Fri Aug 01 2036 02:00:00 GMT+0200 (GMT+02:00),30,9514.226277153577,2166.831859432872,7317.394417720705,845435.7889719903
Mon Sep 01 2036 02:00:00 GMT+0200 (GMT+02:00),30,9514.226277153577,2148.2384801747294,7335.987796978848,838099.8011750116
Wed Oct 01 2036 02:00:00 GMT+0200 (GMT+02:00),30,9514.226277153577,2060.901150430356,7423.325126723221,830676.4760482883
Sat Nov 01 2036 01:00:00 GMT+0100 (GMT+01:00),30,9514.226277153577,2110.735307991552,7373.490969162025,823302.9850791263
Mon Dec 01 2036 01:00:00 GMT+0100 (GMT+01:00),30,9514.226277153577,2024.5155370798186,7459.710740073759,815843.2743390526
Thu Jan 01 2037 01:00:00 GMT+0100 (GMT+01:00),30,9514.226277153577,2073.0443856156257,7411.181891537952,808432.0924475146
Sun Feb 01 2037 01:00:00 GMT+0100 (GMT+01:00),30,9514.226277153577,2059.8406739073657,7424.385603246212,801007.7068442685
Sun Mar 01 2037 01:00:00 GMT+0100 (GMT+01:00),30,9514.226277153577,1843.414996573111,7640.811280580466,793366.895563688
Wed Apr 01 2037 02:00:00 GMT+0200 (GMT+02:00),30,9514.226277153577,2021.455377737616,7462.770899415961,785904.1246642721
Fri May 01 2037 02:00:00 GMT+0200 (GMT+02:00),30,9514.226277153577,1937.8457868434102,7546.380490310166,778357.7441739619
Mon Jun 01 2037 02:00:00 GMT+0200 (GMT+02:00),30,9514.226277153577,1983.2128824158483,7501.013394737729,770856.7307792242
Wed Jul 01 2037 02:00:00 GMT+0200 (GMT+02:00),30,9514.226277153577,1900.7426238391827,7583.483653314394,763273.2471259098
Sat Aug 01 2037 02:00:00 GMT+0200 (GMT+02:00),30,9514.226277153577,1944.7784104851949,7539.447866668383,755733.7992592414
Tue Sep 01 2037 02:00:00 GMT+0200 (GMT+02:00),30,9514.226277153577,1925.568310441355,7558.657966712222,748175.1412925292
Thu Oct 01 2037 02:00:00 GMT+0200 (GMT+02:00),30,9514.226277153577,1844.8154168856881,7639.410860267889,740535.7304322612
Sun Nov 01 2037 01:00:00 GMT+0100 (GMT+01:00),30,9514.226277153577,1886.844463841104,7597.381813312473,732938.3486189488
Tue Dec 01 2037 01:00:00 GMT+0100 (GMT+01:00),30,9514.226277153577,1807.2452431700108,7676.981033983566,725261.3675849653
Fri Jan 01 2038 01:00:00 GMT+0100 (GMT+01:00),30,9514.226277153577,1847.9262242575828,7636.300052895995,717625.0675320693
Mon Feb 01 2038 01:00:00 GMT+0100 (GMT+01:00),30,9514.226277153577,1828.4693501502038,7655.756927003373,709969.3106050659
Mon Mar 01 2038 01:00:00 GMT+0100 (GMT+01:00),30,9514.226277153577,1633.9019750911104,7850.324302062467,702118.9863030034
Thu Apr 01 2038 02:00:00 GMT+0200 (GMT+02:00),30,9514.226277153577,1788.9607048268304,7695.265572326747,694423.7207306767
Sat May 01 2038 02:00:00 GMT+0200 (GMT+02:00),30,9514.226277153577,1712.2776675550929,7771.948609598484,686651.7721210782
Tue Jun 01 2038 02:00:00 GMT+0200 (GMT+02:00),30,9514.226277153577,1749.5510906098705,7734.675186543706,678917.0969345345
Thu Jul 01 2038 02:00:00 GMT+0200 (GMT+02:00),30,9514.226277153577,1674.0421568248796,7810.184120328698,671106.9128142057
Sun Aug 01 2038 02:00:00 GMT+0200 (GMT+02:00),30,9514.226277153577,1709.9436408690722,7774.282636284504,663332.6301779213
Wed Sep 01 2038 02:00:00 GMT+0200 (GMT+02:00),30,9514.226277153577,1690.1351946999089,7794.091082453668,655538.5390954677
Fri Oct 01 2038 02:00:00 GMT+0200 (GMT+02:00),30,9514.226277153577,1616.3963977696462,7867.829879383931,647670.7092160837
Mon Nov 01 2038 01:00:00 GMT+0100 (GMT+01:00),30,9514.226277153577,1650.2294782765969,7833.99679887698,639836.7124172067
Wed Dec 01 2038 01:00:00 GMT+0100 (GMT+01:00),30,9514.226277153577,1577.6795648643451,7906.546712289231,631930.1657049175
Sat Jan 01 2039 01:00:00 GMT+0100 (GMT+01:00),30,9514.226277153577,1610.12343590568,7874.102841247897,624056.0628636696
Tue Feb 01 2039 01:00:00 GMT+0100 (GMT+01:00),30,9514.226277153577,1590.0606533238704,7894.165623829706,616161.8972398399
Tue Mar 01 2039 01:00:00 GMT+0100 (GMT+01:00),30,9514.226277153577,1418.016421045111,8066.209856108466,608095.6873837315
Fri Apr 01 2039 02:00:00 GMT+0200 (GMT+02:00),30,9514.226277153577,1549.3944911421102,7934.831786011467,600160.85559772
Sun May 01 2039 02:00:00 GMT+0200 (GMT+02:00),30,9514.226277153577,1479.848685035474,8004.377592118103,592156.4780056019
Wed Jun 01 2039 02:00:00 GMT+0200 (GMT+02:00),30,9514.226277153577,1508.782259027972,7975.444018125605,584181.0339874763
Fri Jul 01 2039 02:00:00 GMT+0200 (GMT+02:00),30,9514.226277153577,1440.446385174599,8043.779891978978,576137.2540954973
Mon Aug 01 2039 02:00:00 GMT+0200 (GMT+02:00),30,9514.226277153577,1467.9661542707192,8016.260122882858,568120.9939726144
Thu Sep 01 2039 02:00:00 GMT+0200 (GMT+02:00),30,9514.226277153577,1447.5411627247433,8036.685114428834,560084.3088581855
Sat Oct 01 2039 02:00:00 GMT+0200 (GMT+02:00),30,9514.226277153577,1381.029802664019,8103.196474489558,551981.112383696
Tue Nov 01 2039 01:00:00 GMT+0100 (GMT+01:00),30,9514.226277153577,1406.417628813253,8077.808648340324,543903.3037353557
Thu Dec 01 2039 01:00:00 GMT+0100 (GMT+01:00),30,9514.226277153577,1341.1314338680002,8143.094843285577,535760.2088920701
Sun Jan 01 2040 01:00:00 GMT+0100 (GMT+01:00),30,9514.226277153577,1365.0876555332197,8119.138621620357,527641.0702704497
Wed Feb 01 2040 01:00:00 GMT+0100 (GMT+01:00),30,9514.226277153577,1340.7273097036018,8143.498967449976,519497.57130299974
Thu Mar 01 2040 01:00:00 GMT+0100 (GMT+01:00),30,9514.226277153577,1234.8712760481142,8249.355001105463,511248.2163018943
Sun Apr 01 2040 02:00:00 GMT+0200 (GMT+02:00),30,9514.226277153577,1299.0733365048134,8185.152940648764,503063.0633612455
Tue May 01 2040 02:00:00 GMT+0200 (GMT+02:00),30,9514.226277153577,1237.0403197407677,8247.18595741281,494815.8774038327
Fri Jun 01 2040 02:00:00 GMT+0200 (GMT+02:00),30,9514.226277153577,1257.3190327474438,8226.907244406133,486588.97015942656
Sun Jul 01 2040 02:00:00 GMT+0200 (GMT+02:00),30,9514.226277153577,1196.5302544903932,8287.696022663184,478301.27413676336
Wed Aug 01 2040 02:00:00 GMT+0200 (GMT+02:00),30,9514.226277153577,1215.3556965770215,8268.870580576555,470032.4035561868
Sat Sep 01 2040 02:00:00 GMT+0200 (GMT+02:00),30,9514.226277153577,1194.3446319870318,8289.881645166544,461742.5219110203
Mon Oct 01 2040 02:00:00 GMT+0200 (GMT+02:00),30,9514.226277153577,1135.4324309287383,8348.793846224838,453393.72806479543
Thu Nov 01 2040 01:00:00 GMT+0100 (GMT+01:00),30,9514.226277153577,1152.0660303285786,8332.160246824998,445061.5678179704
Sat Dec 01 2040 01:00:00 GMT+0100 (GMT+01:00),30,9514.226277153577,1094.413691355665,8389.812585797912,436671.7552321725
Tue Jan 01 2041 01:00:00 GMT+0100 (GMT+01:00),30,9514.226277153577,1109.5757714915858,8374.650505661992,428297.10472651053
Fri Feb 01 2041 01:00:00 GMT+0100 (GMT+01:00),30,9514.226277153577,1091.2775545086433,8392.948722644935,419904.1560038656
Fri Mar 01 2041 01:00:00 GMT+0100 (GMT+01:00),30,9514.226277153577,966.354769981499,8517.871507172078,411386.2844966935
Mon Apr 01 2041 02:00:00 GMT+0200 (GMT+02:00),30,9514.226277153577,1048.1897111833562,8436.03656597022,402950.2479307233
Wed May 01 2041 02:00:00 GMT+0200 (GMT+02:00),30,9514.226277153577,993.5759538017835,8490.650323351794,394459.5976073715
Sat Jun 01 2041 02:00:00 GMT+0200 (GMT+02:00),30,9514.226277153577,1005.0614404790562,8479.164836674521,385980.432770697
Mon Jul 01 2041 02:00:00 GMT+0200 (GMT+02:00),30,9514.226277153577,951.7325739551434,8532.493703198434,377447.93906749855
Thu Aug 01 2041 02:00:00 GMT+0200 (GMT+02:00),30,9514.226277153577,961.7166666651333,8522.509610488443,368925.4294570101
Sun Sep 01 2041 02:00:00 GMT+0200 (GMT+02:00),30,9514.226277153577,940.0017791644368,8544.22449798914,360381.20495902095
Tue Oct 01 2041 02:00:00 GMT+0200 (GMT+02:00),30,9514.226277153577,888.6111903099147,8595.615086843662,351785.5898721773
Fri Nov 01 2041 01:00:00 GMT+0100 (GMT+01:00),30,9514.226277153577,896.3304070715751,8587.895870082002,343197.69400209526
Sun Dec 01 2041 01:00:00 GMT+0100 (GMT+01:00),30,9514.226277153577,846.2408893202348,8637.985387833342,334559.70861426194
Wed Jan 01 2042 01:00:00 GMT+0100 (GMT+01:00),30,9514.226277153577,852.4398055103112,8631.786471643265,325927.9221426187
Sat Feb 01 2042 01:00:00 GMT+0100 (GMT+01:00),30,9514.226277153577,830.4464865551654,8653.779790598412,317274.14235202025
Sat Mar 01 2042 01:00:00 GMT+0100 (GMT+01:00),30,9514.226277153577,730.1651495224576,8754.06112763112,308520.08122438914
Tue Apr 01 2042 02:00:00 GMT+0200 (GMT+02:00),30,9514.226277153577,786.0922617498134,8698.134015403764,299821.9472089854
Thu May 01 2042 02:00:00 GMT+0200 (GMT+02:00),30,9514.226277153577,739.2869931180461,8744.93928403553,291077.00792494987
Sun Jun 01 2042 02:00:00 GMT+0200 (GMT+02:00),30,9514.226277153577,741.6482667676805,8742.578010385896,282334.42991456395
Tue Jul 01 2042 02:00:00 GMT+0200 (GMT+02:00),30,9514.226277153577,696.1670874605687,8788.05918969301,273546.37072487094
Fri Aug 01 2042 02:00:00 GMT+0200 (GMT+02:00),30,9514.226277153577,696.9811637647396,8787.245113388837,264759.12561148213
Mon Sep 01 2042 02:00:00 GMT+0200 (GMT+02:00),30,9514.226277153577,674.5917447087079,8809.634532444868,255949.49107903725
Wed Oct 01 2042 02:00:00 GMT+0200 (GMT+02:00),30,9514.226277153577,631.1083341674891,8853.117942986088,247096.37313605117
Sat Nov 01 2042 01:00:00 GMT+0100 (GMT+01:00),30,9514.226277153577,629.5880192233633,8854.638257930214,238241.73487812097
Mon Dec 01 2042 01:00:00 GMT+0100 (GMT+01:00),30,9514.226277153577,587.4453736720791,8896.780903481498,229344.95397463947
Thu Jan 01 2043 01:00:00 GMT+0100 (GMT+01:00),30,9514.226277153577,584.3583758805883,8899.867901272988,220445.0860733665
Sun Feb 01 2043 01:00:00 GMT+0100 (GMT+01:00),30,9514.226277153577,561.6820001321393,8922.544277021438,211522.54179634506
Sun Mar 01 2043 01:00:00 GMT+0100 (GMT+01:00),30,9514.226277153577,486.791603038164,8997.434674115413,202525.10712222965
Wed Apr 01 2043 02:00:00 GMT+0200 (GMT+02:00),30,9514.226277153577,516.0228756812975,8968.20340147228,193556.90372075737
Fri May 01 2043 02:00:00 GMT+0200 (GMT+02:00),30,9514.226277153577,477.2635982155661,9006.96267893801,184549.94104181937
Mon Jun 01 2043 02:00:00 GMT+0200 (GMT+02:00),30,9514.226277153577,470.2231374490192,9014.003139704559,175535.93790211482
Wed Jul 01 2043 02:00:00 GMT+0200 (GMT+02:00),30,9514.226277153577,432.82834003261183,9051.397937120964,166484.53996499386
Sat Aug 01 2043 02:00:00 GMT+0200 (GMT+02:00),30,9514.226277153577,424.19348539025833,9060.032791763319,157424.50717323055
Tue Sep 01 2043 02:00:00 GMT+0200 (GMT+02:00),30,9514.226277153577,401.10901827699837,9083.117258876578,148341.38991435396
Thu Oct 01 2043 02:00:00 GMT+0200 (GMT+02:00),30,9514.226277153577,365.7732901997769,9118.4529869538,139222.93692740015
Sun Nov 01 2043 01:00:00 GMT+0100 (GMT+01:00),30,9514.226277153577,354.7324146369373,9129.49386251664,130093.44306488351
Tue Dec 01 2043 01:00:00 GMT+0100 (GMT+01:00),30,9514.226277153577,320.77835276272646,9163.44792439085,120929.99514049265
Fri Jan 01 2044 01:00:00 GMT+0100 (GMT+01:00),30,9514.226277153577,308.1230013168717,9176.103275836706,111753.89186465595
Mon Feb 01 2044 01:00:00 GMT+0100 (GMT+01:00),30,9514.226277153577,283.9648071970766,9200.2614699565,102553.63039469944
Tue Mar 01 2044 01:00:00 GMT+0100 (GMT+01:00),30,9514.226277153577,243.7750230693675,9240.45125408421,93313.17914061523
Fri Apr 01 2044 02:00:00 GMT+0200 (GMT+02:00),30,9514.226277153577,237.1072584720551,9247.119018681522,84066.06012193371
Sun May 01 2044 02:00:00 GMT+0200 (GMT+02:00),30,9514.226277153577,206.71981997196815,9277.50645718161,74788.55366475211
Wed Jun 01 2044 02:00:00 GMT+0200 (GMT+02:00),30,9514.226277153577,190.03648882027176,9294.189788333306,65494.3638764188
Fri Jul 01 2044 02:00:00 GMT+0200 (GMT+02:00),30,9514.226277153577,161.05171445021014,9323.174562703367,56171.18931371543
Mon Aug 01 2044 02:00:00 GMT+0200 (GMT+02:00),30,9514.226277153577,142.73007120698185,9341.496205946594,46829.693107768835
Thu Sep 01 2044 02:00:00 GMT+0200 (GMT+02:00),30,9514.226277153577,118.99348248695361,9365.232794666623,37464.460313102216
Sat Oct 01 2044 02:00:00 GMT+0200 (GMT+02:00),30,9514.226277153577,92.12572208139889,9392.100555072178,28072.359758030037
Tue Nov 01 2044 01:00:00 GMT+0100 (GMT+01:00),30,9514.226277153577,71.33140594253534,9412.894871211041,18659.464886818998
Thu Dec 01 2044 01:00:00 GMT+0100 (GMT+01:00),30,9514.226277153577,45.88393004955491,9438.342347104022,9221.122539714976
Sun Jan 01 2045 01:00:00 GMT+0100 (GMT+01:00),30,9274.553260922448,23.430721207472477,9221.122539714976,0